"year","MackSSB","HadSSB_GOM","HadSSB_GB","MackSSB_1","HadSSB_GOM_1","HadSSB_GB_1","ChlA","PPD","ChlA_1","ChlA_2","ChlA_3","PPD_1","PPD_2","PPD_3","Jelly.Abun","Sm.cal.abun","Sm.cal.abun_1","Lg.cal.abun","Lg.cal.abun_1","Lg.cal.abun_2","Lg.cal.abun_3","Cfin.C5","Cfin.C5_1","HW","NAOIndex","HW_1","HW_2","HW_3","NAOIndex_1","NAOIndex_2","NAOIndex_3","NAOIndex_4","NAOIndex_5","BT","OISST","OISST_1","OISST_2","OISST_3","BT_1","BT_2","BT_3","GSI","WSW","CP"
1899,NA,NA,NA,NA,NA,NA,NA,NA,NA,NA,NA,NA,NA,NA,NA,NA,NA,NA,NA,NA,NA,NA,NA,NA,-0.7,NA,NA,NA,NA,NA,NA,NA,NA,NA,NA,NA,NA,NA,NA,NA,NA,NA,NA,NA
1900,NA,NA,NA,NA,NA,NA,NA,NA,NA,NA,NA,NA,NA,NA,NA,NA,NA,NA,NA,NA,NA,NA,NA,NA,-1.34,NA,NA,NA,-0.7,NA,NA,NA,NA,NA,NA,NA,NA,NA,NA,NA,NA,NA,NA,NA
1901,NA,NA,NA,NA,NA,NA,NA,NA,NA,NA,NA,NA,NA,NA,NA,NA,NA,NA,NA,NA,NA,NA,NA,NA,-0.37,NA,NA,NA,-1.34,-0.7,NA,NA,NA,NA,NA,NA,NA,NA,NA,NA,NA,NA,NA,NA
1902,NA,NA,NA,NA,NA,NA,NA,NA,NA,NA,NA,NA,NA,NA,NA,NA,NA,NA,NA,NA,NA,NA,NA,NA,-0.7,NA,NA,NA,-0.37,-1.34,-0.7,NA,NA,NA,NA,NA,NA,NA,NA,NA,NA,NA,NA,NA
1903,NA,NA,NA,NA,NA,NA,NA,NA,NA,NA,NA,NA,NA,NA,NA,NA,NA,NA,NA,NA,NA,NA,NA,NA,1.32,NA,NA,NA,-0.7,-0.37,-1.34,-0.7,NA,NA,NA,NA,NA,NA,NA,NA,NA,NA,NA,NA
1904,NA,NA,NA,NA,NA,NA,NA,NA,NA,NA,NA,NA,NA,NA,NA,NA,NA,NA,NA,NA,NA,NA,NA,NA,-0.02,NA,NA,NA,1.32,-0.7,-0.37,-1.34,-0.7,NA,NA,NA,NA,NA,NA,NA,NA,NA,NA,NA
1905,NA,NA,NA,NA,NA,NA,NA,NA,NA,NA,NA,NA,NA,NA,NA,NA,NA,NA,NA,NA,NA,NA,NA,NA,0.81,NA,NA,NA,-0.02,1.32,-0.7,-0.37,-1.34,NA,NA,NA,NA,NA,NA,NA,NA,NA,NA,NA
1906,NA,NA,NA,NA,NA,NA,NA,NA,NA,NA,NA,NA,NA,NA,NA,NA,NA,NA,NA,NA,NA,NA,NA,NA,0.81,NA,NA,NA,0.81,-0.02,1.32,-0.7,-0.37,NA,NA,NA,NA,NA,NA,NA,NA,NA,NA,NA
1907,NA,NA,NA,NA,NA,NA,NA,NA,NA,NA,NA,NA,NA,NA,NA,NA,NA,NA,NA,NA,NA,NA,NA,NA,1.07,NA,NA,NA,0.81,0.81,-0.02,1.32,-0.7,NA,NA,NA,NA,NA,NA,NA,NA,NA,NA,NA
1908,NA,NA,NA,NA,NA,NA,NA,NA,NA,NA,NA,NA,NA,NA,NA,NA,NA,NA,NA,NA,NA,NA,NA,NA,0.53,NA,NA,NA,1.07,0.81,0.81,-0.02,1.32,NA,NA,NA,NA,NA,NA,NA,NA,NA,NA,NA
1909,NA,NA,NA,NA,NA,NA,NA,NA,NA,NA,NA,NA,NA,NA,NA,NA,NA,NA,NA,NA,NA,NA,NA,NA,-0.51,NA,NA,NA,0.53,1.07,0.81,0.81,-0.02,NA,NA,NA,NA,NA,NA,NA,NA,NA,NA,NA
1910,NA,NA,NA,NA,NA,NA,NA,NA,NA,NA,NA,NA,NA,NA,NA,NA,NA,NA,NA,NA,NA,NA,NA,NA,0.42,NA,NA,NA,-0.51,0.53,1.07,0.81,0.81,NA,NA,NA,NA,NA,NA,NA,NA,NA,NA,NA
1911,NA,NA,NA,NA,NA,NA,NA,NA,NA,NA,NA,NA,NA,NA,NA,NA,NA,NA,NA,NA,NA,NA,NA,NA,0.45,NA,NA,NA,0.42,-0.51,0.53,1.07,0.81,NA,NA,NA,NA,NA,NA,NA,NA,NA,NA,NA
1912,NA,NA,NA,NA,NA,NA,NA,NA,NA,NA,NA,NA,NA,NA,NA,NA,NA,NA,NA,NA,NA,NA,NA,NA,-0.43,NA,NA,NA,0.45,0.42,-0.51,0.53,1.07,NA,NA,NA,NA,NA,NA,NA,NA,NA,NA,NA
1913,NA,NA,NA,NA,NA,NA,NA,NA,NA,NA,NA,NA,NA,NA,NA,NA,NA,NA,NA,NA,NA,NA,NA,NA,1.39,NA,NA,NA,-0.43,0.45,0.42,-0.51,0.53,NA,NA,NA,NA,NA,NA,NA,NA,NA,NA,NA
1914,NA,NA,NA,NA,NA,NA,NA,NA,NA,NA,NA,NA,NA,NA,NA,NA,NA,NA,NA,NA,NA,NA,NA,NA,0.47,NA,NA,NA,1.39,-0.43,0.45,0.42,-0.51,NA,NA,NA,NA,NA,NA,NA,NA,NA,NA,NA
1915,NA,NA,NA,NA,NA,NA,NA,NA,NA,NA,NA,NA,NA,NA,NA,NA,NA,NA,NA,NA,NA,NA,NA,NA,-0.7,NA,NA,NA,0.47,1.39,-0.43,0.45,0.42,NA,NA,NA,NA,NA,NA,NA,NA,NA,NA,NA
1916,NA,NA,NA,NA,NA,NA,NA,NA,NA,NA,NA,NA,NA,NA,NA,NA,NA,NA,NA,NA,NA,NA,NA,NA,-0.23,NA,NA,NA,-0.7,0.47,1.39,-0.43,0.45,NA,NA,NA,NA,NA,NA,NA,NA,NA,NA,NA
1917,NA,NA,NA,NA,NA,NA,NA,NA,NA,NA,NA,NA,NA,NA,NA,NA,NA,NA,NA,NA,NA,NA,NA,NA,-1.18,NA,NA,NA,-0.23,-0.7,0.47,1.39,-0.43,NA,NA,NA,NA,NA,NA,NA,NA,NA,NA,NA
1918,NA,NA,NA,NA,NA,NA,NA,NA,NA,NA,NA,NA,NA,NA,NA,NA,NA,NA,NA,NA,NA,NA,NA,NA,0.01,NA,NA,NA,-1.18,-0.23,-0.7,0.47,1.39,NA,NA,NA,NA,NA,NA,NA,NA,NA,NA,NA
1919,NA,NA,NA,NA,NA,NA,NA,NA,NA,NA,NA,NA,NA,NA,NA,NA,NA,NA,NA,NA,NA,NA,NA,NA,-0.87,NA,NA,NA,0.01,-1.18,-0.23,-0.7,0.47,NA,NA,NA,NA,NA,NA,NA,NA,NA,NA,NA
1920,NA,NA,NA,NA,NA,NA,NA,NA,NA,NA,NA,NA,NA,NA,NA,NA,NA,NA,NA,NA,NA,NA,NA,NA,1.56,NA,NA,NA,-0.87,0.01,-1.18,-0.23,-0.7,NA,NA,NA,NA,NA,NA,NA,NA,NA,NA,NA
1921,NA,NA,NA,NA,NA,NA,NA,NA,NA,NA,NA,NA,NA,NA,NA,NA,NA,NA,NA,NA,NA,NA,NA,NA,0.67,NA,NA,NA,1.56,-0.87,0.01,-1.18,-0.23,NA,NA,NA,NA,NA,NA,NA,NA,NA,NA,NA
1922,NA,NA,NA,NA,NA,NA,NA,NA,NA,NA,NA,NA,NA,NA,NA,NA,NA,NA,NA,NA,NA,NA,NA,NA,0.58,NA,NA,NA,0.67,1.56,-0.87,0.01,-1.18,NA,NA,NA,NA,NA,NA,NA,NA,NA,NA,NA
1923,NA,NA,NA,NA,NA,NA,NA,NA,NA,NA,NA,NA,NA,NA,NA,NA,NA,NA,NA,NA,NA,NA,NA,NA,0.35,NA,NA,NA,0.58,0.67,1.56,-0.87,0.01,NA,NA,NA,NA,NA,NA,NA,NA,NA,NA,NA
1924,NA,NA,NA,NA,NA,NA,NA,NA,NA,NA,NA,NA,NA,NA,NA,NA,NA,NA,NA,NA,NA,NA,NA,NA,-0.65,NA,NA,NA,0.35,0.58,0.67,1.56,-0.87,NA,NA,NA,NA,NA,NA,NA,NA,NA,NA,NA
1925,NA,NA,NA,NA,NA,NA,NA,NA,NA,NA,NA,NA,NA,NA,NA,NA,NA,NA,NA,NA,NA,NA,NA,NA,1.06,NA,NA,NA,-0.65,0.35,0.58,0.67,1.56,NA,NA,NA,NA,NA,NA,NA,NA,NA,NA,NA
1926,NA,NA,NA,NA,NA,NA,NA,NA,NA,NA,NA,NA,NA,NA,NA,NA,NA,NA,NA,NA,NA,NA,NA,NA,-0.3,NA,NA,NA,1.06,-0.65,0.35,0.58,0.67,NA,NA,NA,NA,NA,NA,NA,NA,NA,NA,NA
1927,NA,NA,NA,NA,NA,NA,NA,NA,NA,NA,NA,NA,NA,NA,NA,NA,NA,NA,NA,NA,NA,NA,NA,NA,0.48,NA,NA,NA,-0.3,1.06,-0.65,0.35,0.58,NA,NA,NA,NA,NA,NA,NA,NA,NA,NA,NA
1928,NA,NA,NA,NA,NA,NA,NA,NA,NA,NA,NA,NA,NA,NA,NA,NA,NA,NA,NA,NA,NA,NA,NA,NA,0.15,NA,NA,NA,0.48,-0.3,1.06,-0.65,0.35,NA,NA,NA,NA,NA,NA,NA,NA,NA,NA,NA
1929,NA,NA,NA,NA,NA,NA,NA,NA,NA,NA,NA,NA,NA,NA,NA,NA,NA,NA,NA,NA,NA,NA,NA,NA,-0.62,NA,NA,NA,0.15,0.48,-0.3,1.06,-0.65,NA,NA,NA,NA,NA,NA,NA,NA,NA,NA,NA
1930,NA,NA,NA,NA,NA,NA,NA,NA,NA,NA,NA,NA,NA,NA,NA,NA,NA,NA,NA,NA,NA,NA,NA,NA,0.41,NA,NA,NA,-0.62,0.15,0.48,-0.3,1.06,NA,NA,NA,NA,NA,NA,NA,NA,NA,NA,NA
1931,NA,NA,NA,NA,NA,NA,NA,NA,NA,NA,NA,NA,NA,NA,NA,NA,NA,NA,NA,NA,NA,NA,NA,NA,-0.69,NA,NA,NA,0.41,-0.62,0.15,0.48,-0.3,NA,NA,NA,NA,NA,NA,NA,NA,NA,NA,NA
1932,NA,NA,NA,NA,NA,NA,NA,NA,NA,NA,NA,NA,NA,NA,NA,NA,NA,NA,NA,NA,NA,NA,NA,NA,-0.11,NA,NA,NA,-0.69,0.41,-0.62,0.15,0.48,NA,NA,NA,NA,NA,NA,NA,NA,NA,NA,NA
1933,NA,NA,NA,NA,NA,NA,NA,NA,NA,NA,NA,NA,NA,NA,NA,NA,NA,NA,NA,NA,NA,NA,NA,NA,-0.11,NA,NA,NA,-0.11,-0.69,0.41,-0.62,0.15,NA,NA,NA,NA,NA,NA,NA,NA,NA,NA,NA
1934,NA,NA,NA,NA,NA,NA,NA,NA,NA,NA,NA,NA,NA,NA,NA,NA,NA,NA,NA,NA,NA,NA,NA,NA,0.94,NA,NA,NA,-0.11,-0.11,-0.69,0.41,-0.62,NA,NA,NA,NA,NA,NA,NA,NA,NA,NA,NA
1935,NA,NA,NA,NA,NA,NA,NA,NA,NA,NA,NA,NA,NA,NA,NA,NA,NA,NA,NA,NA,NA,NA,NA,NA,0.06,NA,NA,NA,0.94,-0.11,-0.11,-0.69,0.41,NA,NA,NA,NA,NA,NA,NA,NA,NA,NA,NA
1936,NA,NA,NA,NA,NA,NA,NA,NA,NA,NA,NA,NA,NA,NA,NA,NA,NA,NA,NA,NA,NA,NA,NA,NA,-1.93,NA,NA,NA,0.06,0.94,-0.11,-0.11,-0.69,NA,NA,NA,NA,NA,NA,NA,NA,NA,NA,NA
1937,NA,NA,NA,NA,NA,NA,NA,NA,NA,NA,NA,NA,NA,NA,NA,NA,NA,NA,NA,NA,NA,NA,NA,NA,-0.15,NA,NA,NA,-1.93,0.06,0.94,-0.11,-0.11,NA,NA,NA,NA,NA,NA,NA,NA,NA,NA,NA
1938,NA,NA,NA,NA,NA,NA,NA,NA,NA,NA,NA,NA,NA,NA,NA,NA,NA,NA,NA,NA,NA,NA,NA,NA,0.52,NA,NA,NA,-0.15,-1.93,0.06,0.94,-0.11,NA,NA,NA,NA,NA,NA,NA,NA,NA,NA,NA
1939,NA,NA,NA,NA,NA,NA,NA,NA,NA,NA,NA,NA,NA,NA,NA,NA,NA,NA,NA,NA,NA,NA,NA,NA,-0.14,NA,NA,NA,0.52,-0.15,-1.93,0.06,0.94,NA,NA,NA,NA,NA,NA,NA,NA,NA,NA,NA
1940,NA,NA,NA,NA,NA,NA,NA,NA,NA,NA,NA,NA,NA,NA,NA,NA,NA,NA,NA,NA,NA,NA,NA,NA,-1.94,NA,NA,NA,-0.14,0.52,-0.15,-1.93,0.06,NA,NA,NA,NA,NA,NA,NA,NA,NA,NA,NA
1941,NA,NA,NA,NA,NA,NA,NA,NA,NA,NA,NA,NA,NA,NA,NA,NA,NA,NA,NA,NA,NA,NA,NA,NA,-1.23,NA,NA,NA,-1.94,-0.14,0.52,-0.15,-1.93,NA,NA,NA,NA,NA,NA,NA,NA,NA,NA,NA
1942,NA,NA,NA,NA,NA,NA,NA,NA,NA,NA,NA,NA,NA,NA,NA,NA,NA,NA,NA,NA,NA,NA,NA,NA,-1.09,NA,NA,NA,-1.23,-1.94,-0.14,0.52,-0.15,NA,NA,NA,NA,NA,NA,NA,NA,NA,NA,NA
1943,NA,NA,NA,NA,NA,NA,NA,NA,NA,NA,NA,NA,NA,NA,NA,NA,NA,NA,NA,NA,NA,NA,NA,NA,0.6,NA,NA,NA,-1.09,-1.23,-1.94,-0.14,0.52,NA,NA,NA,NA,NA,NA,NA,NA,NA,NA,NA
1944,NA,NA,NA,NA,NA,NA,NA,NA,NA,NA,NA,NA,NA,NA,NA,NA,NA,NA,NA,NA,NA,NA,NA,NA,0.51,NA,NA,NA,0.6,-1.09,-1.23,-1.94,-0.14,NA,NA,NA,NA,NA,NA,NA,NA,NA,NA,NA
1945,NA,NA,NA,NA,NA,NA,NA,NA,NA,NA,NA,NA,NA,NA,NA,NA,NA,NA,NA,NA,NA,NA,NA,NA,-0.11,NA,NA,NA,0.51,0.6,-1.09,-1.23,-1.94,NA,NA,NA,NA,NA,NA,NA,NA,NA,NA,NA
1946,NA,NA,NA,NA,NA,NA,NA,NA,NA,NA,NA,NA,NA,NA,NA,NA,NA,NA,NA,NA,NA,NA,NA,NA,-0.28,NA,NA,NA,-0.11,0.51,0.6,-1.09,-1.23,NA,NA,NA,NA,NA,NA,NA,NA,NA,NA,NA
1947,NA,NA,NA,NA,NA,NA,NA,NA,NA,NA,NA,NA,NA,NA,NA,NA,NA,NA,NA,NA,NA,NA,NA,NA,-1.86,NA,NA,NA,-0.28,-0.11,0.51,0.6,-1.09,NA,NA,NA,NA,NA,NA,NA,NA,NA,NA,NA
1948,NA,NA,NA,NA,NA,NA,NA,NA,NA,NA,NA,NA,NA,NA,NA,NA,NA,NA,NA,NA,NA,NA,NA,NA,0.25,NA,NA,NA,-1.86,-0.28,-0.11,0.51,0.6,NA,NA,NA,NA,NA,NA,NA,NA,NA,NA,NA
1949,NA,NA,NA,NA,NA,NA,NA,NA,NA,NA,NA,NA,NA,NA,NA,NA,NA,NA,NA,NA,NA,NA,NA,NA,0.99,NA,NA,NA,0.25,-1.86,-0.28,-0.11,0.51,NA,NA,NA,NA,NA,NA,NA,NA,NA,NA,NA
1950,NA,NA,NA,NA,NA,NA,NA,NA,NA,NA,NA,NA,NA,NA,NA,NA,NA,NA,NA,NA,NA,NA,NA,NA,0.47,NA,NA,NA,0.99,0.25,-1.86,-0.28,-0.11,NA,NA,NA,NA,NA,NA,NA,NA,NA,NA,NA
1951,NA,NA,NA,NA,NA,NA,NA,NA,NA,NA,NA,NA,NA,NA,NA,NA,NA,NA,NA,NA,NA,NA,NA,NA,-0.94,NA,NA,NA,0.47,0.99,0.25,-1.86,-0.28,NA,NA,NA,NA,NA,NA,NA,NA,NA,NA,NA
1952,NA,NA,NA,NA,NA,NA,NA,NA,NA,NA,NA,NA,NA,NA,NA,NA,NA,NA,NA,NA,NA,NA,NA,NA,-0.15,NA,NA,NA,-0.94,0.47,0.99,0.25,-1.86,NA,NA,NA,NA,NA,NA,NA,NA,NA,NA,NA
1953,NA,NA,NA,NA,NA,NA,NA,NA,NA,NA,NA,NA,NA,NA,NA,NA,NA,NA,NA,NA,NA,NA,NA,NA,-0.04,NA,NA,NA,-0.15,-0.94,0.47,0.99,0.25,NA,NA,NA,NA,NA,NA,NA,NA,NA,NA,NA
1954,NA,NA,NA,NA,NA,NA,NA,NA,NA,NA,NA,NA,NA,NA,NA,NA,NA,NA,NA,NA,NA,NA,NA,NA,0.13,NA,NA,NA,-0.04,-0.15,-0.94,0.47,0.99,NA,NA,NA,NA,NA,NA,NA,NA,0.934094217287963,NA,NA
1955,NA,NA,NA,NA,NA,NA,NA,NA,NA,NA,NA,NA,NA,NA,NA,NA,NA,NA,NA,NA,NA,NA,NA,NA,-1.25,NA,NA,NA,0.13,-0.04,-0.15,-0.94,0.47,NA,NA,NA,NA,NA,NA,NA,NA,-0.275659498437768,NA,NA
1956,NA,NA,NA,NA,NA,NA,NA,NA,NA,NA,NA,NA,NA,NA,NA,NA,NA,NA,NA,NA,NA,NA,NA,NA,-1.05,NA,NA,NA,-1.25,0.13,-0.04,-0.15,-0.94,NA,NA,NA,NA,NA,NA,NA,NA,-0.413228219820941,NA,NA
1957,NA,NA,NA,NA,NA,NA,NA,NA,NA,NA,NA,NA,NA,NA,NA,NA,NA,NA,NA,NA,NA,NA,NA,NA,0.04,NA,NA,NA,-1.05,-1.25,0.13,-0.04,-0.15,NA,NA,NA,NA,NA,NA,NA,NA,-0.0218262102647943,NA,NA
1958,NA,NA,NA,NA,NA,NA,NA,NA,NA,NA,NA,NA,NA,NA,NA,NA,NA,NA,NA,NA,NA,NA,NA,NA,-1.26,NA,NA,NA,0.04,-1.05,-1.25,0.13,-0.04,NA,NA,NA,NA,NA,NA,NA,NA,-1.17640606761037,NA,-0.791564835746187
1959,NA,NA,NA,NA,NA,NA,NA,NA,NA,NA,NA,NA,NA,NA,NA,NA,NA,NA,NA,NA,NA,NA,NA,NA,0.09,NA,NA,NA,-1.26,0.04,-1.05,-1.25,0.13,8.05887317706408,NA,NA,NA,NA,NA,NA,NA,-1.35081328861029,NA,-1.06562644770995
1960,NA,NA,NA,NA,NA,NA,NA,NA,NA,NA,NA,NA,NA,NA,NA,NA,NA,NA,NA,NA,NA,NA,NA,NA,-1.81,NA,NA,NA,0.09,-1.26,0.04,-1.05,-1.25,8.11361281533294,NA,NA,NA,NA,8.05887317706408,NA,NA,-1.26446180242235,NA,-1.12464304555961
1961,NA,NA,NA,NA,NA,NA,NA,NA,NA,NA,NA,NA,NA,NA,NA,NA,NA,NA,NA,NA,NA,NA,NA,NA,0.72,NA,NA,NA,-1.81,0.09,-1.26,0.04,-1.05,7.87528993683043,NA,NA,NA,NA,8.11361281533294,8.05887317706408,NA,-0.875700955643322,NA,-1.00885514044859
1962,NA,NA,179430.6418,NA,NA,NA,NA,NA,NA,NA,NA,NA,NA,NA,NA,NA,NA,NA,NA,NA,NA,NA,NA,NA,-0.93,NA,NA,NA,0.72,-1.81,0.09,-1.26,0.04,8.2145484829978,NA,NA,NA,NA,7.87528993683043,8.11361281533294,8.05887317706408,-1.12233241433674,NA,-0.280615093396308
1963,NA,NA,163736.902,NA,NA,179430.6418,NA,NA,NA,NA,NA,NA,NA,NA,NA,NA,NA,NA,NA,NA,NA,NA,NA,NA,-1.3,NA,NA,NA,-0.93,0.72,-1.81,0.09,-1.26,8.23571746741305,NA,NA,NA,NA,8.2145484829978,7.87528993683043,8.11361281533294,-1.25858110301855,NA,-0.343402063730768
1964,NA,NA,167402.073,NA,NA,163736.902,NA,NA,NA,NA,NA,NA,NA,NA,NA,NA,NA,NA,NA,NA,NA,NA,NA,NA,-0.88,NA,NA,NA,-1.3,-0.93,0.72,-1.81,0.09,8.24848213894561,NA,NA,NA,NA,8.23571746741305,8.2145484829978,7.87528993683043,-1.88638499113808,NA,-0.796136729296369
1965,NA,NA,217564.7411,NA,NA,167402.073,NA,NA,NA,NA,NA,NA,NA,NA,NA,NA,NA,NA,NA,NA,NA,NA,NA,NA,-0.82,NA,NA,NA,-0.88,-1.3,-0.93,0.72,-1.81,7.55645296756507,NA,NA,NA,NA,8.24848213894561,8.23571746741305,8.2145484829978,-1.13473963477415,NA,-1.86956057839931
1966,NA,NA,186839.1571,NA,NA,217564.7411,NA,NA,NA,NA,NA,NA,NA,NA,NA,NA,NA,NA,NA,NA,NA,NA,NA,NA,-1.56,NA,NA,NA,-0.82,-0.88,-1.3,-0.93,0.72,7.76260932797785,NA,NA,NA,NA,7.55645296756507,8.24848213894561,8.23571746741305,-1.99122477043049,NA,-1.3791296480676
1967,NA,NA,106435.2576,NA,NA,186839.1571,NA,NA,NA,NA,NA,NA,NA,NA,NA,NA,NA,NA,NA,NA,NA,NA,NA,NA,0.6,NA,NA,NA,-1.56,-0.82,-0.88,-1.3,-0.93,7.83991087999887,NA,NA,NA,NA,7.76260932797785,7.55645296756507,8.24848213894561,-1.18393682468754,NA,-0.972236440712715
1968,621759,NA,71846.18424,NA,NA,106435.2576,NA,NA,NA,NA,NA,NA,NA,NA,NA,NA,NA,NA,NA,NA,NA,NA,NA,NA,-0.16,NA,NA,NA,0.6,-1.56,-0.82,-0.88,-1.3,7.70560411918325,NA,NA,NA,NA,7.83991087999887,7.76260932797785,7.55645296756507,-0.346073579557453,NA,-1.42520458331769
1969,854505,NA,47765.53772,621759,NA,71846.18424,NA,NA,NA,NA,NA,NA,NA,NA,NA,NA,NA,NA,NA,NA,NA,NA,NA,NA,-2.58,NA,NA,NA,-0.16,0.6,-1.56,-0.82,-0.88,7.91453519550064,NA,NA,NA,NA,7.70560411918325,7.83991087999887,7.76260932797785,-0.883770422146976,NA,-0.821548900629087
1970,967918,NA,34913.0991,854505,NA,47765.53772,NA,NA,NA,NA,NA,NA,NA,NA,NA,NA,NA,NA,NA,NA,NA,NA,NA,NA,-1.16,NA,NA,NA,-2.58,-0.16,0.6,-1.56,-0.82,8.29676812699696,NA,NA,NA,NA,7.91453519550064,7.70560411918325,7.83991087999887,-0.963878090409287,NA,-1.06392031012039
1971,1042578,NA,24770.94113,967918,NA,34913.0991,NA,NA,NA,NA,NA,NA,NA,NA,NA,NA,NA,NA,NA,NA,NA,NA,NA,NA,-0.67,NA,NA,NA,-1.16,-2.58,-0.16,0.6,-1.56,8.05454059181003,NA,NA,NA,NA,8.29676812699696,7.91453519550064,7.70560411918325,-0.951402266597778,NA,-1.18367720740333
1972,1134034,NA,23221.7965,1042578,NA,24770.94113,NA,NA,NA,NA,NA,NA,NA,NA,NA,NA,NA,NA,NA,NA,NA,NA,NA,NA,0.1,NA,NA,NA,-0.67,-1.16,-2.58,-0.16,0.6,8.70363203590023,NA,NA,NA,NA,8.05454059181003,8.29676812699696,7.91453519550064,-0.0587124388090674,NA,-0.0511633722221195
1973,814768,NA,15888.8947,1134034,NA,23221.7965,NA,NA,NA,NA,NA,NA,NA,NA,NA,NA,NA,NA,NA,NA,NA,NA,NA,NA,1.18,NA,NA,NA,0.1,-0.67,-1.16,-2.58,-0.16,8.49449137943113,NA,NA,NA,NA,8.70363203590023,8.05454059181003,8.29676812699696,0.119434261778928,NA,-0.0129638646778012
1974,620472,NA,29694.1743,814768,NA,15888.8947,NA,NA,NA,NA,NA,NA,NA,NA,NA,NA,NA,NA,NA,NA,NA,NA,NA,NA,0.36,NA,NA,NA,1.18,0.1,-0.67,-1.16,-2.58,9.28519169097515,NA,NA,NA,NA,8.49449137943113,8.70363203590023,8.05454059181003,0.675986742127701,NA,1.02176673316767
1975,509803,NA,22060.6824,620472,NA,29694.1743,NA,NA,NA,NA,NA,NA,NA,NA,NA,NA,NA,NA,NA,NA,NA,NA,NA,NA,0.73,NA,NA,NA,0.36,1.18,0.1,-0.67,-1.16,9.30146214152823,NA,NA,NA,NA,9.28519169097515,8.49449137943113,8.70363203590023,-0.0334485388436955,NA,-0.0936759981147623
1976,377976,NA,28597.1158,509803,NA,22060.6824,NA,NA,NA,NA,NA,NA,NA,NA,NA,NA,NA,NA,NA,NA,NA,NA,NA,NA,1.2,NA,NA,NA,0.73,0.36,1.18,0.1,-0.67,9.31131785058038,NA,NA,NA,NA,9.30146214152823,9.28519169097515,8.49449137943113,0.514816516856158,NA,0.328490208873669
1977,359134,9484.368,49852.6797,377976,NA,28597.1158,NA,NA,NA,NA,NA,NA,NA,NA,13.9262834958656,20.4426440933712,NA,20.0569594747779,NA,NA,NA,10.3499407091366,NA,NA,-1.35,NA,NA,NA,1.2,0.73,0.36,1.18,0.1,8.38402904472917,NA,NA,NA,NA,9.31131785058038,9.30146214152823,9.28519169097515,0.314458863453166,57,-0.438216755711294
1978,379297,13300.91,76789.0269,359134,9484.368,49852.6797,NA,NA,NA,NA,NA,NA,NA,NA,15.0878000235366,20.0231250054077,20.4426440933712,19.640262191344,20.0569594747779,NA,NA,8.79176341331442,10.3499407091366,NA,-0.56,NA,NA,NA,-1.35,1.2,0.73,0.36,1.18,8.57580166855246,NA,NA,NA,NA,8.38402904472917,9.31131785058038,9.30146214152823,-0.439780908512913,NA,-0.605145906625592
1979,352118,14905.88,72403.7469,379297,13300.91,76789.0269,NA,NA,NA,NA,NA,NA,NA,NA,16.3145252015983,19.9748497305272,20.0231250054077,19.7705766788769,19.640262191344,20.0569594747779,NA,8.55844716205759,8.79176341331442,NA,-1.44,NA,NA,NA,-0.56,-1.35,1.2,0.73,0.36,8.08099597855223,NA,NA,NA,NA,8.57580166855246,8.38402904472917,9.31131785058038,-0.22075071319062,60.934,-1.46272668817611
1980,346861,14189.54,71219.6501,352118,14905.88,72403.7469,NA,NA,NA,NA,NA,NA,NA,NA,15.9593107074797,20.142829415036,19.9748497305272,19.9523968519636,19.7705766788769,19.640262191344,20.0569594747779,8.66354027427316,8.55844716205759,NA,-0.37,NA,NA,NA,-1.44,-0.56,-1.35,1.2,0.73,8.03733733951527,NA,NA,NA,NA,8.08099597855223,8.57580166855246,8.38402904472917,0.0319049511304295,56.7604,-1.18300926321209
1981,300168,13985.23,61529.0566,346861,14189.54,71219.6501,NA,NA,NA,NA,NA,NA,NA,NA,17.0976398117456,20.4283285953407,20.142829415036,20.0724913353116,19.9523968519636,19.7705766788769,19.640262191344,7.74033853268084,8.66354027427316,NA,0.28,NA,NA,NA,-0.37,-1.44,-0.56,-1.35,1.2,7.93757269825613,NA,NA,NA,NA,8.03733733951527,8.08099597855223,8.57580166855246,-0.57868131076502,43.2569,-0.789395954144139
1982,305313,13570.09,49494.23337,300168,13985.23,61529.0566,NA,NA,NA,NA,NA,NA,NA,NA,14.9760434750777,20.0224814287564,20.4283285953407,20.6204494965022,20.0724913353116,19.9523968519636,19.7705766788769,9.85519056632233,7.74033853268084,16.2581592354086,-0.21,NA,NA,NA,0.28,-0.37,-1.44,-0.56,-1.35,8.32549835435918,11.7551438525777,NA,NA,NA,7.93757269825613,8.03733733951527,8.08099597855223,-0.494856573023563,37.6094,-0.732433948874967
1983,360459,10303.71,38671.64217,305313,13570.09,49494.23337,NA,NA,NA,NA,NA,NA,NA,NA,13.8461550819364,20.2062302298303,20.0224814287564,19.8064824119818,20.6204494965022,20.0724913353116,19.9523968519636,9.06594880550848,9.85519056632233,119.680657391283,1.26,16.2581592354086,NA,NA,-0.21,0.28,-0.37,-1.44,-0.56,8.86218229611894,12.3820695225551,11.7551438525777,NA,NA,8.32549835435918,7.93757269825613,8.03733733951527,-0.290645341630642,60.4479,0.0940897983680359
1984,393831,6933.708,26965.4103,360459,10303.71,38671.64217,NA,NA,NA,NA,NA,NA,NA,NA,13.9341103849317,19.9121917888982,20.2062302298303,19.5116468310632,19.8064824119818,20.6204494965022,20.0724913353116,8.7573044548839,9.06594880550848,43.4184731794201,0.39,119.680657391283,16.2581592354086,NA,1.26,-0.21,0.28,-0.37,-1.44,8.41391371032201,12.1427742925032,12.3820695225551,11.7551438525777,NA,8.86218229611894,8.32549835435918,7.93757269825613,0.447445647575369,64.2917,-1.3402023964213
1985,583088,5068.892,20027.62987,393831,6933.708,26965.4103,NA,NA,NA,NA,NA,NA,NA,NA,14.3116003192741,19.722125841441,19.9121917888982,19.7652001497588,19.5116468310632,19.8064824119818,20.6204494965022,9.12894075387035,8.7573044548839,46.6627147414365,-0.82,43.4184731794201,119.680657391283,16.2581592354086,0.39,1.26,-0.21,0.28,-0.37,9.31206648687638,12.3634537674875,12.1427742925032,12.3820695225551,11.7551438525777,8.41391371032201,8.86218229611894,8.32549835435918,0.675206926210973,87.6007,0.433856526842271
1986,525549,2849.824,20991.5584,583088,5068.892,20027.62987,NA,NA,NA,NA,NA,NA,NA,NA,15.0224543100412,19.5691812391855,19.722125841441,20.3510537421898,19.7652001497588,19.5116468310632,19.8064824119818,9.07408735804465,9.12894075387035,17.2516226925428,-0.03,46.6627147414365,43.4184731794201,119.680657391283,-0.82,0.39,1.26,-0.21,0.28,9.54745783045727,12.0727481642929,12.3634537674875,12.1427742925032,12.3820695225551,9.31206648687638,8.41391371032201,8.86218229611894,0.202894300496553,87.7778,1.38651165269784
1987,411664,1481.804,20803.86337,525549,2849.824,20991.5584,NA,NA,NA,NA,NA,NA,NA,NA,15.154502593378,20.3318986378515,19.5691812391855,21.5483731893991,20.3510537421898,19.7652001497588,19.5116468310632,9.28244211477303,9.07408735804465,NA,-0.68,17.2516226925428,46.6627147414365,43.4184731794201,-0.03,-0.82,0.39,1.26,-0.21,8.66443629623165,11.5043134582996,12.0727481642929,12.3634537674875,12.1427742925032,9.54745783045727,9.31206648687638,8.41391371032201,-0.670503603893026,52.4531,-0.639225918246289
1988,338213,1068.864,19728.6925,411664,1481.804,20803.86337,NA,NA,NA,NA,NA,NA,NA,NA,14.2842050951652,20.3909758100198,20.3318986378515,19.9328457309926,21.5483731893991,20.3510537421898,19.7652001497588,8.2890490004693,9.28244211477303,12.3242,-0.18,NA,17.2516226925428,46.6627147414365,-0.68,-0.03,-0.82,0.39,1.26,8.62498157456277,11.501721131067,11.5043134582996,12.0727481642929,12.3634537674875,8.66443629623165,9.54745783045727,9.31206648687638,-0.625483129119118,NA,-0.684770652395597
1989,326577,777.7339,20469.84908,338213,1068.864,19728.6925,NA,NA,NA,NA,NA,NA,NA,NA,16.6217956139013,21.1518478672136,20.3909758100198,19.5740750418443,19.9328457309926,21.5483731893991,20.3510537421898,7.09764619061462,8.2890490004693,9.34384598762096,2.44,12.3242,NA,17.2516226925428,-0.18,-0.68,-0.03,-0.82,0.39,8.6750364890005,11.9567391842528,11.501721131067,11.5043134582996,12.0727481642929,8.62498157456277,8.66443629623165,9.54745783045727,-0.850073365442742,NA,-0.226831460785974
1990,258213,802.6103,24275.47025,326577,777.7339,20469.84908,NA,NA,NA,NA,NA,NA,NA,NA,16.4005714742451,21.2838858370107,21.1518478672136,19.3570274860795,19.5740750418443,19.9328457309926,21.5483731893991,6.12218235852859,7.09764619061462,66.3835361818441,1.92,9.34384598762096,12.3242,NA,2.44,-0.18,-0.68,-0.03,-0.82,9.15626532132134,12.1983890794161,11.9567391842528,11.501721131067,11.5043134582996,8.6750364890005,8.62498157456277,8.66443629623165,0.101839421488378,NA,0.841894831786327
1991,245469,690.3803,21910.96211,258213,802.6103,24275.47025,NA,NA,NA,NA,NA,NA,NA,NA,17.2470749379842,20.9703202713379,21.2838858370107,19.5663169147753,19.3570274860795,19.5740750418443,19.9328457309926,7.86847042768456,6.12218235852859,41.531423487539,0.54,66.3835361818441,9.34384598762096,12.3242,1.92,2.44,-0.18,-0.68,-0.03,9.49727662590288,12.2481421602952,12.1983890794161,11.9567391842528,11.501721131067,9.15626532132134,8.6750364890005,8.62498157456277,0.859442628140859,76.5208,0.476630794648189
1992,177878,641.9385,16369.0877,245469,690.3803,21910.96211,NA,NA,NA,NA,NA,NA,NA,NA,17.5532864353653,20.9773217940544,20.9703202713379,20.523781576302,19.5663169147753,19.3570274860795,19.5740750418443,7.70089886551334,7.86847042768456,NA,1.73,41.531423487539,66.3835361818441,9.34384598762096,0.54,1.92,2.44,-0.18,-0.68,8.61177398620412,11.2225881619698,12.2481421602952,12.1983890794161,11.9567391842528,9.49727662590288,9.15626532132134,8.6750364890005,0.281783735646069,68.8073,0.0847283289881986
1993,158500,683.2602,14619.8401,177878,641.9385,16369.0877,NA,NA,NA,NA,NA,NA,NA,NA,17.2393874466561,20.6084535354744,20.9773217940544,20.4706939864701,20.523781576302,19.5663169147753,19.3570274860795,7.28968756413383,7.70089886551334,35.2508,1.74,NA,41.531423487539,66.3835361818441,1.73,0.54,1.92,2.44,-0.18,8.46028839275946,11.6234228281238,11.2225881619698,12.2481421602952,12.1983890794161,8.61177398620412,9.49727662590288,9.15626532132134,0.561292689898386,60.8021,-0.455114050838038
1994,122523,1140.249,19815.2663,158500,683.2602,14619.8401,NA,NA,NA,NA,NA,NA,NA,NA,17.2089837068049,20.6741716770901,20.6084535354744,21.0002457929961,20.4706939864701,20.523781576302,19.5663169147753,8.80711596836864,7.28968756413383,42.5038381609926,0.86,35.2508,NA,41.531423487539,1.74,1.73,0.54,1.92,2.44,9.21444592687733,11.9174234842053,11.6234228281238,11.2225881619698,12.2481421602952,8.46028839275946,8.61177398620412,9.49727662590288,0.844028301952192,96.3333,-0.0060798619972308
1995,113974,2059.083,26026.506,122523,1140.249,19815.2663,NA,NA,NA,NA,NA,NA,NA,NA,17.2351398690834,20.3616956960576,20.6741716770901,20.5667851124451,21.0002457929961,20.4706939864701,20.523781576302,8.64070517470767,8.80711596836864,56.2361839303337,1.29,42.5038381609926,35.2508,NA,0.86,1.74,1.73,0.54,1.92,9.47422753505341,12.0997782568769,11.9174234842053,11.6234228281238,11.2225881619698,9.21444592687733,8.46028839275946,8.61177398620412,1.09141060016577,78.9479,0.527291185895946
1996,104193,3350.583,34541.0538,113974,2059.083,26026.506,NA,NA,NA,NA,NA,NA,NA,NA,18.5537192749418,22.5025083491623,20.3616956960576,20.2486975423431,20.5667851124451,21.0002457929961,20.4706939864701,8.86957338978159,8.64070517470767,14.2512,-1.46,56.2361839303337,42.5038381609926,35.2508,1.29,0.86,1.74,1.73,0.54,8.21371886938576,11.0373255013341,12.0997782568769,11.9174234842053,11.6234228281238,9.47422753505341,9.21444592687733,8.46028839275946,-0.447046962097999,82.276,-1.13341616822352
1997,100988,5060.443,42032.376,104193,3350.583,34541.0538,NA,NA,NA,NA,NA,NA,NA,NA,17.2281859620348,20.7366623907045,22.5025083491623,19.9479461270984,20.2486975423431,20.5667851124451,21.0002457929961,8.63895835330365,8.86957338978159,NA,0.7,14.2512,56.2361839303337,42.5038381609926,-1.46,1.29,0.86,1.74,1.73,9.19581400703658,11.6864023559134,11.0373255013341,12.0997782568769,11.9174234842053,8.21371886938576,9.47422753505341,9.21444592687733,-0.380998800089314,74.5573,0.111095658469298
1998,97210,6276.363,48725.0715,100988,5060.443,42032.376,0.749841982143686,0.551073992322862,NA,NA,NA,NA,NA,NA,18.707972979387,21.0725100906475,20.7366623907045,20.2824277079215,19.9479461270984,20.2486975423431,20.5667851124451,7.36014586008643,8.63895835330365,NA,-0.02,NA,14.2512,56.2361839303337,0.7,-1.46,1.29,0.86,1.74,8.32842503945286,11.791243341756,11.6864023559134,11.0373255013341,12.0997782568769,9.19581400703658,8.21371886938576,9.47422753505341,-0.253777622455349,34.1354,-0.560613519453892
1999,82218,6461.374,56610.461,97210,6276.363,48725.0715,0.800982128420313,0.61246201905164,0.749841982143686,NA,NA,0.551073992322862,NA,NA,17.735505522903,20.5342380324997,21.0725100906475,20.3368782162422,20.2824277079215,19.9479461270984,20.2486975423431,9.54404372210106,7.36014586008643,112.524499996802,0.64,NA,NA,14.2512,-0.02,0.7,-1.46,1.29,0.86,9.78190270557371,12.6390557848887,11.791243341756,11.6864023559134,11.0373255013341,8.32842503945286,9.19581400703658,8.21371886938576,1.122426496506,86.5469,1.83844426450241
2000,181497,7914.234,69103.3678,82218,6461.374,56610.461,0.839022717148749,0.616117635962955,0.800982128420313,0.749841982143686,NA,0.61246201905164,0.551073992322862,NA,18.9844977802568,20.9501567888265,20.5342380324997,20.4332590356569,20.3368782162422,20.2824277079215,19.9479461270984,7.82952137572693,9.54404372210106,59.4347906135567,1.59,112.524499996802,NA,NA,0.64,-0.02,0.7,-1.46,1.29,9.49168555859137,12.3477689141798,12.6390557848887,11.791243341756,11.6864023559134,9.78190270557371,8.32842503945286,9.19581400703658,0.813799060333128,65.9896,1.21745152790169
2001,268593,13056.85,81182.633,181497,7914.234,69103.3678,0.816629403874618,0.614814572588361,0.839022717148749,0.800982128420313,0.749841982143686,0.616117635962955,0.61246201905164,0.551073992322862,16.3735339975637,20.8017991395078,20.9501567888265,20.6769650271262,20.4332590356569,20.3368782162422,20.2824277079215,9.94571655226646,7.82952137572693,47.6575540816663,-1.01,59.4347906135567,112.524499996802,NA,1.59,0.64,-0.02,0.7,-1.46,9.18840765972388,12.2319557407256,12.3477689141798,12.6390557848887,11.791243341756,9.49168555859137,9.78190270557371,8.32842503945286,0.304229918368533,68.967,0.878818679742152
2002,255991,15778.6,90221.60507,268593,13056.85,81182.633,0.84784399667552,0.670625849247825,0.816629403874618,0.839022717148749,0.800982128420313,0.614814572588361,0.616117635962955,0.61246201905164,16.4842759221676,20.5922475031435,20.8017991395078,20.1957485906323,20.6769650271262,20.4332590356569,20.3368782162422,9.479273994525,9.94571655226646,151.692880058536,0.61,47.6575540816663,59.4347906135567,112.524499996802,-1.01,1.59,0.64,-0.02,0.7,9.88131681740885,12.8083940314738,12.2319557407256,12.3477689141798,12.6390557848887,9.18840765972388,9.49168555859137,9.78190270557371,1.3114632326931,63.2266,0.804433995954097
2003,226488,13623.81,104196.4393,255991,15778.6,90221.60507,0.818890252836484,0.59860738831799,0.84784399667552,0.816629403874618,0.839022717148749,0.670625849247825,0.614814572588361,0.616117635962955,16.2924767549608,20.5613253190249,20.5922475031435,20.8877283938115,20.1957485906323,20.6769650271262,20.4332590356569,9.83000141462123,9.479273994525,12.6046324707088,0.04,151.692880058536,47.6575540816663,59.4347906135567,0.61,-1.01,1.59,0.64,-0.02,8.52485092201181,11.6865127188533,12.8083940314738,12.2319557407256,12.3477689141798,9.88131681740885,9.18840765972388,9.49168555859137,0.185326981984479,87.4375,-0.106338929612507
2004,172130,11752.11,91283.969,226488,13623.81,104196.4393,0.794057790120303,0.582774940370259,0.818890252836484,0.84784399667552,0.816629403874618,0.59860738831799,0.670625849247825,0.614814572588361,17.0006993779836,20.4034366049817,20.5613253190249,20.8973259754892,20.8877283938115,20.1957485906323,20.6769650271262,9.40257080390872,9.83000141462123,25.8242,-0.13,12.6046324707088,151.692880058536,47.6575540816663,0.04,0.61,-1.01,1.59,0.64,7.84087045562124,11.5081430808086,11.6865127188533,12.8083940314738,12.2319557407256,8.52485092201181,9.88131681740885,9.18840765972388,-0.166858636894737,59.6271,-2.14327506259531
2005,149476,10190.81,91749.9425,172130,11752.11,91283.969,0.793367392534838,0.57612718044127,0.794057790120303,0.818890252836484,0.84784399667552,0.582774940370259,0.59860738831799,0.670625849247825,16.2386619551633,19.4758332553893,20.4034366049817,20.110684544786,20.8973259754892,20.8877283938115,20.1957485906323,8.84075022096276,9.40257080390872,72.9641121485497,0.34,25.8242,12.6046324707088,151.692880058536,-0.13,0.04,0.61,-1.01,1.59,8.37634036083919,11.9364057729777,11.5081430808086,11.6865127188533,12.8083940314738,7.84087045562124,8.52485092201181,9.88131681740885,-0.145682067966465,66.9271,-0.0797552719974603
2006,129322,9822.945,142450.1041,149476,10190.81,91749.9425,0.871969331198705,0.674006886287815,0.793367392534838,0.794057790120303,0.818890252836484,0.57612718044127,0.582774940370259,0.59860738831799,17.1697763550607,20.6106397469315,19.4758332553893,19.8867530278842,20.110684544786,20.8973259754892,20.8877283938115,8.94744269072224,8.84075022096276,108.875224995426,-0.91,72.9641121485497,25.8242,12.6046324707088,0.34,-0.13,0.04,0.61,-1.01,9.67113793377131,12.5083111371484,11.9364057729777,11.5081430808086,11.6865127188533,8.37634036083919,7.84087045562124,8.52485092201181,-0.0588807418437636,69.6313,1.71953201530249
2007,103390,8780.922,151461.408,129322,9822.945,142450.1041,0.840391730295911,0.617229792860736,0.871969331198705,0.793367392534838,0.794057790120303,0.674006886287815,0.57612718044127,0.582774940370259,17.2470789952261,20.0334906360535,20.6106397469315,20.112040336681,19.8867530278842,20.110684544786,20.8973259754892,9.71492610008504,8.94744269072224,43.826025328787,1.16,108.875224995426,72.9641121485497,25.8242,-0.91,0.34,-0.13,0.04,0.61,8.53895759188957,12.1168679953165,12.5083111371484,11.9364057729777,11.5081430808086,9.67113793377131,8.37634036083919,7.84087045562124,-0.819239905921597,53.5188,-1.18125434149777
2008,66969,7446.999,135237.0536,103390,8780.922,151461.408,0.83317603195901,0.611976273397584,0.840391730295911,0.871969331198705,0.793367392534838,0.617229792860736,0.674006886287815,0.57612718044127,16.3020282036538,20.5138562071984,20.0334906360535,20.459533385018,20.112040336681,19.8867530278842,20.110684544786,9.50765845896545,9.71492610008504,45.4792300996318,1.05,43.826025328787,108.875224995426,72.9641121485497,1.16,-0.91,0.34,-0.13,0.04,9.05650848963364,12.2071530754879,12.1168679953165,12.5083111371484,11.9364057729777,8.53895759188957,9.67113793377131,8.37634036083919,0.23865519604612,51.3146,0.323887392058046
2009,43732,6442.022,109534.6912,66969,7446.999,135237.0536,0.864242065377394,0.616426651107364,0.83317603195901,0.840391730295911,0.871969331198705,0.611976273397584,0.617229792860736,0.674006886287815,16.571742682029,20.1104355846649,20.5138562071984,20.379550795218,20.459533385018,20.112040336681,19.8867530278842,8.41477804840827,9.50765845896545,63.8543706386088,0.03,45.4792300996318,43.826025328787,108.875224995426,1.05,1.16,-0.91,0.34,-0.13,9.25077472971771,12.2179290366472,12.2071530754879,12.1168679953165,12.5083111371484,9.05650848963364,8.53895759188957,9.67113793377131,0.702377605630014,65.7792,0.312409908424899
2010,24001,5271.524,75702.62069,43732,6442.022,109534.6912,0.876010270966176,0.631348448135517,0.864242065377394,0.83317603195901,0.840391730295911,0.616426651107364,0.611976273397584,0.617229792860736,17.8916521057445,21.1977515861098,20.1104355846649,21.0159967760454,20.379550795218,20.459533385018,20.112040336681,8.25538549069809,8.41477804840827,158.731629081958,-2.56,63.8543706386088,45.4792300996318,43.826025328787,0.03,1.05,1.16,-0.91,0.34,9.18640300721705,12.6130577138491,12.2179290366472,12.2071530754879,12.1168679953165,9.25077472971771,9.05650848963364,8.53895759188957,0.335385871170468,80.8833,-0.0765620200151267
2011,16899,4353.131,45621.2821,24001,5271.524,75702.62069,0.969209253074797,0.691173114417018,0.876010270966176,0.864242065377394,0.83317603195901,0.631348448135517,0.616426651107364,0.611976273397584,16.8712090688857,20.9628157945392,21.1977515861098,20.9755813205429,21.0159967760454,20.379550795218,20.459533385018,9.18056322662,8.25538549069809,255.515027559735,-0.69,158.731629081958,63.8543706386088,45.4792300996318,-2.56,0.03,1.05,1.16,-0.91,9.52572747101149,12.7134839125777,12.6130577138491,12.2179290366472,12.2071530754879,9.18640300721705,9.25077472971771,9.05650848963364,-0.102563910119768,92.6224,0.344427109361823
2012,16837,5264.579,35500.7281,16899,4353.131,45621.2821,0.914879906396199,0.714199829582996,0.969209253074797,0.876010270966176,0.864242065377394,0.691173114417018,0.631348448135517,0.616426651107364,16.3621375256816,20.7244882703195,20.9628157945392,20.5182547787991,20.9755813205429,21.0159967760454,20.379550795218,8.09518715501592,9.18056322662,549.51566445207,1.56,255.515027559735,158.731629081958,63.8543706386088,-0.69,-2.56,0.03,1.05,1.16,10.6952535530655,13.9422600693747,12.7134839125777,12.6130577138491,12.2179290366472,9.52572747101149,9.18640300721705,9.25077472971771,0.709842484035925,79.0156,2.09304050907826
2013,18849,8327.506,83178.1666,16837,5264.579,35500.7281,0.866412576552611,0.660248114984612,0.914879906396199,0.969209253074797,0.876010270966176,0.714199829582996,0.691173114417018,0.631348448135517,17.7844124425023,21.0754070206847,20.7244882703195,20.6941319030333,20.5182547787991,20.9755813205429,21.0159967760454,8.50126821015322,8.09518715501592,137.297751771032,-1.68,549.51566445207,255.515027559735,158.731629081958,1.56,-0.69,-2.56,0.03,1.05,9.97529247838821,12.8630541060994,13.9422600693747,12.7134839125777,12.6130577138491,10.6952535530655,9.52572747101149,9.18640300721705,0.735839169433019,88.8281,1.34829425279597
2014,17007,12840.7,118401.5396,18849,8327.506,83178.1666,0.876014427204456,0.617590095376365,0.866412576552611,0.914879906396199,0.969209253074797,0.660248114984612,0.714199829582996,0.691173114417018,17.4384030976632,20.6682469583177,21.0754070206847,20.4734640416097,20.6941319030333,20.5182547787991,20.9755813205429,8.34479004849634,8.50126821015322,189.987579220661,0.91,137.297751771032,549.51566445207,255.515027559735,-1.68,1.56,-0.69,-2.56,0.03,10.0672898095925,12.8154232878949,12.8630541060994,13.9422600693747,12.7134839125777,9.97529247838821,10.6952535530655,9.52572747101149,1.13806163841073,68.441,2.30474541180185
2015,24328,27998.48,202033.8328,17007,12840.7,118401.5396,0.861891338965657,0.650227897162947,0.876014427204456,0.866412576552611,0.914879906396199,0.617590095376365,0.660248114984612,0.714199829582996,17.7123980515861,20.9887548033763,20.6682469583177,21.1509715669169,20.4734640416097,20.6941319030333,20.5182547787991,8.12520635263408,8.34479004849634,366.226770709262,1.84,189.987579220661,137.297751771032,549.51566445207,0.91,-1.68,1.56,-0.69,-2.56,10.3123250343875,13.0054975533615,12.8154232878949,12.8630541060994,13.9422600693747,10.0672898095925,9.97529247838821,10.6952535530655,1.31010143952915,87.4557,2.32722494531683
2016,43519,47558.36,574447.0851,24328,27998.48,202033.8328,0.871206479222025,0.666905912434578,0.861891338965657,0.876014427204456,0.866412576552611,0.650227897162947,0.617590095376365,0.660248114984612,17.171529520564,21.0041281580855,20.9887548033763,20.8653478067451,21.1509715669169,20.4734640416097,20.6941319030333,8.51630949938089,8.12520635263408,360.691223582453,0.99,366.226770709262,189.987579220661,137.297751771032,1.84,0.91,-1.68,1.56,-0.69,10.5544743358287,13.4126348311725,13.0054975533615,12.8154232878949,12.8630541060994,10.3123250343875,10.0672898095925,9.97529247838821,1.61835233389417,94.3438,1.86983155601043
2017,40190,52540.93,793083.4962,43519,47558.36,574447.0851,0.897302555959411,0.655360258754627,0.871206479222025,0.861891338965657,0.876014427204456,0.666905912434578,0.650227897162947,0.617590095376365,17.4460939085355,20.6730587226844,21.0041281580855,21.0296362002525,20.8653478067451,21.1509715669169,20.4734640416097,7.87544163962905,8.51630949938089,166.472898186574,0.87,360.691223582453,366.226770709262,189.987579220661,0.99,1.84,0.91,-1.68,1.56,9.96482096934135,12.9434145123063,13.4126348311725,13.0054975533615,12.8154232878949,10.5544743358287,10.3123250343875,10.0672898095925,1.15136700588829,99.2474,0.153582937788354
2018,47554,49783.44,859542.4557,40190,52540.93,793083.4962,0.828690648454368,0.6347137921218,0.897302555959411,0.871206479222025,0.861891338965657,0.655360258754627,0.666905912434578,0.650227897162947,18.9061345488866,21.3590027875451,20.6730587226844,21.1318926820279,21.0296362002525,20.8653478067451,21.1509715669169,8.48895518246641,7.87544163962905,231.409254007035,-0.17,166.472898186574,360.691223582453,366.226770709262,0.87,0.99,1.84,0.91,-1.68,9.58095130525562,12.9338735971856,12.9434145123063,13.4126348311725,13.0054975533615,9.96482096934135,10.5544743358287,10.3123250343875,1.24507307142625,97.6771,0.0116183431076347
2019,42862,NA,NA,47554,49783.44,859542.4557,0.870451623956011,0.642653958988196,0.828690648454368,0.897302555959411,0.871206479222025,0.6347137921218,0.655360258754627,0.666905912434578,16.8162150076046,21.1367868614885,21.3590027875451,21.3470352049371,21.1318926820279,21.0296362002525,20.8653478067451,9.41766992169993,8.48895518246641,136.901991314012,0.75,231.409254007035,166.472898186574,360.691223582453,-0.17,0.87,0.99,1.84,0.91,9.96918450092464,12.7323177571765,12.9338735971856,12.9434145123063,13.4126348311725,9.58095130525562,9.96482096934135,10.5544743358287,1.84005165513758,98.8906,1.0207184568627
2020,NA,NA,NA,42862,NA,NA,0.845526308824182,0.642491169346043,0.870451623956011,0.828690648454368,0.897302555959411,0.642653958988196,0.6347137921218,0.655360258754627,NA,NA,NA,NA,NA,NA,NA,NA,NA,340.745198473115,1.79,136.901991314012,231.409254007035,166.472898186574,0.75,-0.17,0.87,0.99,1.84,10.7352012524547,13.2953534616916,12.7323177571765,12.9338735971856,12.9434145123063,9.96918450092464,9.58095130525562,9.96482096934135,1.32001174583042,NA,2.06318814082928
2021,NA,NA,NA,NA,NA,NA,NA,NA,NA,NA,NA,NA,NA,NA,NA,NA,NA,NA,NA,NA,NA,NA,NA,368.664828148628,-0.73,340.745198473115,136.901991314012,231.409254007035,1.79,0.75,-0.17,0.87,0.99,10.7585439323582,13.5640500662241,13.2953534616916,12.7323177571765,12.9338735971856,10.7352012524547,9.96918450092464,9.58095130525562,NA,86.1615,2.19028726380043
2022,NA,NA,NA,NA,NA,NA,NA,NA,NA,NA,NA,NA,NA,NA,NA,NA,NA,NA,NA,NA,NA,NA,NA,NA,1.08,368.664828148628,340.745198473115,136.901991314012,-0.73,1.79,0.75,-0.17,0.87,10.4422526339278,NA,13.5640500662241,13.2953534616916,12.7323177571765,10.7585439323582,10.7352012524547,9.96918450092464,NA,NA,NA
2023,NA,NA,NA,NA,NA,NA,NA,NA,NA,NA,NA,NA,NA,NA,NA,NA,NA,NA,NA,NA,NA,NA,NA,NA,-0.59,NA,368.664828148628,340.745198473115,1.08,-0.73,1.79,0.75,-0.17,NA,NA,NA,NA,NA,NA,NA,NA,NA,NA,NA
